{
  "$schema": "http://json-schema.org/draft-07/schema#",
  "title": "RDAF Application Schema",
  "type": "object",
  "properties": {
    "application": {
      "type": "string",
      "enum": ["RDAF"]
    },
    "description": {
      "type": "string"
    },
    "infrastructure": {
      "type": "string",
      "enum": ["AWS", "VMware", "OpenShiftVirtualization", "BareMetal", "Openstack"]
    },
    "customer": {
      "type": "string"
    },
    "version": {
      "type": "string",
      "pattern": "^[0-9]+\\.[0-9]+$"
    },
    "credentials": {
      "type": "object",
      "properties": {
        "user": { "type": "string" },
        "password": { "type": "string" }
      },
      "required": ["user", "password"]
    },
    "platforms": {
      "type": "object",
      "properties": {
        "primary": { "$ref": "#/definitions/platformBlock" },
        "secondary": { "$ref": "#/definitions/platformBlock" }
      },
      "required": ["primary"]
    }
  },
  "required": ["application", "description", "infrastructure", "customer", "version", "credentials", "platforms"],

  "definitions": {
    "platformBlock": {
      "type": "object",
      "properties": {
        "platform": { "$ref": "#/definitions/nodesBlock" },
        "rdccli": { "$ref": "#/definitions/nodesBlock" },
        "registry": { "$ref": "#/definitions/nodesBlock" },
        "workers": { "$ref": "#/definitions/nodesBlock" },
        "dns": { "$ref": "#/definitions/nodesBlock" },
        "ntp": { "$ref": "#/definitions/nodesBlock" },
        "vip": { "$ref": "#/definitions/nodesBlock" }
      },
      "required": ["platform", "rdccli", "registry", "workers", "dns", "ntp", "vip"]
    },
    "nodesBlock": {
      "type": "object",
      "properties": {
        "nodes": {
          "type": "array",
          "items": {
            "type": "string",
            "format": "ipv4"
          },
          "minItems": 1,
          "uniqueItems": true
        }
      },
      "required": ["nodes"]
    }
  }
}
