{
  "$schema": "http://json-schema.org/draft/2020-12/schema",
  "title": "RDAF Platform Schema",
  "type": "object",
  "properties": {
    "application": {
      "type": "string",
      "const": "RDAF"
    },
    "description": {
      "type": "string"
    },
    "infrastructure": {
      "type": "string",
      "enum": ["VMware", "AWS", "OpenShiftVirtualization", "BareMetal", "Openstack"]
    },
    "customer": {
      "type": "string"
    },
    "version": {
      "type": "string",
      "pattern": "^[0-9]+(\\.[0-9]+)*$"
    },
    "credentials": {
      "type": "object",
      "properties": {
        "user": { "type": "string" },
        "password": { "type": "string" }
      },
      "required": ["user", "password"]
    },
    "platforms": {
      "type": "object",
      "properties": {
        "primary": { "$ref": "#/$defs/platformBlock" },
        "secondary": { "$ref": "#/$defs/platformBlock" }
      },
      "required": ["primary"]
    }
  },
  "required": [
    "application",
    "description",
    "infrastructure",
    "customer",
    "version",
    "credentials",
    "platforms"
  ],
  "$defs": {
    "nodeList": {
      "type": "object",
      "properties": {
        "nodes": {
          "type": "array",
          "items": {
            "type": "string",
            "format": "ipv4"
          },
          "minItems": 1
        }
      },
      "required": ["nodes"]
    },
    "platformBlock": {
      "type": "object",
      "properties": {
        "platform": { "$ref": "#/$defs/nodeList" },
        "rdccli": { "$ref": "#/$defs/nodeList" },
        "registry": { "$ref": "#/$defs/nodeList" },
        "workers": { "$ref": "#/$defs/nodeList" },
        "dns": { "$ref": "#/$defs/nodeList" },
        "ntp": { "$ref": "#/$defs/nodeList" },
        "vip": { "$ref": "#/$defs/nodeList" }
      },
      "required": [
        "platform",
        "rdccli",
        "registry",
        "workers",
        "dns",
        "ntp",
        "vip"
      ]
    }
  }
}
